state_a,state_b,median_diff,U_statistic,p_value,p_value_bh,significant_bh
Delhi,Ladakh,0.2305726976140875,2333508.0,1.7783228092971052e-301,4.766225547440439e-301,True
Andhra Pradesh,Delhi,-0.18964582090361773,583195.0,0.0,0.0,True
Delhi,Sikkim,0.1882586961786218,10630473.5,0.0,0.0,True
Goa,Ladakh,0.1840264998159735,1646512.0,2.753542898490829e-277,6.798166077186902e-277,True
Delhi,Telangana,0.18367014230943776,18268035.5,0.0,0.0,True
Delhi,Himachal Pradesh,0.18211238599588114,18339928.5,0.0,0.0,True
Delhi,Gujarat,0.17666670784027927,18150967.5,0.0,0.0,True
Delhi,Odisha,0.1762476560002735,18683313.0,0.0,0.0,True
Andaman and Nicobar Islands,Delhi,-0.175372021928575,203087.5,0.0,0.0,True
Assam,Delhi,-0.17193559026562838,44398.5,0.0,0.0,True
Chandigarh,Delhi,-0.1633533672368624,183262.0,0.0,0.0,True
Delhi,Madhya Pradesh,0.1633533672368624,18697685.0,0.0,0.0,True
Bihar,Delhi,-0.1630391024683241,265760.0,0.0,0.0,True
Delhi,Nagaland,0.15823340473393088,11766432.5,0.0,0.0,True
Delhi,West Bengal,0.15803501505799475,18272731.5,0.0,0.0,True
Delhi,Haryana,0.15700416088765604,18150896.0,0.0,0.0,True
Delhi,Tripura,0.15547012445429076,14423134.5,0.0,0.0,True
Dadra and Nagar Haveli and Daman and Diu,Delhi,-0.15414732905083253,144398.5,0.0,0.0,True
Delhi,Karnataka,0.1536673517114308,15079272.5,0.0,0.0,True
Delhi,Uttarakhand,0.15352925741275256,16217114.5,0.0,0.0,True
Delhi,Rajasthan,0.15224862881948328,17206016.0,0.0,0.0,True
Delhi,Mizoram,0.14896844660194175,8671904.0,0.0,0.0,True
Delhi,Manipur,0.14706627268889827,5881699.5,0.0,0.0,True
Delhi,Jharkhand,0.14674001969775574,14833236.0,0.0,0.0,True
Delhi,Tamil Nadu,0.145388125729241,18208386.5,0.0,0.0,True
Chhattisgarh,Delhi,-0.14515747099218565,634843.5,0.0,0.0,True
Andhra Pradesh,Goa,-0.14309962310550373,860608.0,0.0,0.0,True
Jammu and Kashmir,Ladakh,0.14212422346393638,1823374.0,6.88331916289736e-235,1.545499962990162e-234,True
Goa,Sikkim,0.14171249838050776,7475247.0,0.0,0.0,True
Delhi,Uttar Pradesh,0.14108242603437354,16839443.5,0.0,0.0,True
Delhi,Meghalaya,0.1391759115767278,15644301.5,0.0,0.0,True
Delhi,Puducherry,0.13745528870720491,14466240.0,0.0,0.0,True
Goa,Telangana,0.13712394451132376,12924871.5,0.0,0.0,True
Goa,Himachal Pradesh,0.13556618819776714,12976457.0,0.0,0.0,True
Ladakh,Punjab,-0.13202064406863312,185340.0,7.623497835571449e-228,1.6554675956806613e-227,True
Ladakh,Maharashtra,-0.13042642948983602,140094.5,2.3117749964541156e-249,5.331419080969763e-249,True
Goa,Gujarat,0.1301205100421653,12760792.0,0.0,0.0,True
Goa,Odisha,0.1297014582021595,13220779.0,0.0,0.0,True
Andaman and Nicobar Islands,Goa,-0.128825824130461,281864.0,0.0,0.0,True
Assam,Goa,-0.1253893924675144,119826.5,0.0,0.0,True
Arunachal Pradesh,Delhi,-0.12507138777841234,1048327.0,0.0,0.0,True
Kerala,Ladakh,0.12102071169417694,1622095.0,1.330343961222619e-173,2.528928616381656e-173,True
Goa,Madhya Pradesh,0.11680716943874839,13123055.5,0.0,0.0,True
Chandigarh,Goa,-0.11680716943874839,296040.0,0.0,0.0,True
Bihar,Goa,-0.11649290467021008,411883.5,0.0,0.0,True
Goa,Nagaland,0.11168720693581688,8220032.5,0.0,0.0,True
Goa,West Bengal,0.11148881725988075,12616611.5,0.0,0.0,True
Goa,Haryana,0.11045796308954203,12739069.5,0.0,0.0,True
Delhi,Kerala,0.10955198591991056,12756807.0,0.0,0.0,True
Goa,Tripura,0.10892392665617674,9924060.0,0.0,0.0,True
Dadra and Nagar Haveli and Daman and Diu,Goa,-0.10760113125271853,207210.0,0.0,0.0,True
Goa,Karnataka,0.1071211539133168,10319483.5,0.0,0.0,True
Goa,Uttarakhand,0.10698305961463855,11192764.5,0.0,0.0,True
Goa,Rajasthan,0.10570243102136928,12009225.5,0.0,0.0,True
Arunachal Pradesh,Ladakh,0.10550130983567516,1193030.5,7.7536156828491e-195,1.574539703513725e-194,True
Goa,Mizoram,0.10242224880382775,5909206.5,0.0,0.0,True
Andhra Pradesh,Jammu and Kashmir,-0.10119734675346662,2416716.0,0.0,0.0,True
Goa,Manipur,0.10052007489078427,3919352.5,0.0,0.0,True
Goa,Jharkhand,0.10019382189964172,10078520.5,0.0,0.0,True
Delhi,Maharashtra,0.10014626812425148,15181473.5,0.0,0.0,True
Jammu and Kashmir,Sikkim,0.09981022202847066,8234379.0,0.0,0.0,True
Goa,Tamil Nadu,0.098841927931127,12632759.0,0.0,0.0,True
Chhattisgarh,Goa,-0.09861127319407165,858198.0,0.0,0.0,True
Delhi,Punjab,0.09855205354545438,14345045.5,0.0,0.0,True
Jammu and Kashmir,Telangana,0.09522166815928665,14199819.5,0.0,0.0,True
Goa,Uttar Pradesh,0.09453622823625953,11765351.5,0.0,0.0,True
Himachal Pradesh,Jammu and Kashmir,-0.09366391184573003,843422.5,0.0,0.0,True
Ladakh,Puducherry,-0.09311740890688258,259232.5,1.3101704536125739e-168,2.4747664123793064e-168,True
Goa,Meghalaya,0.09262971377861379,10864580.0,0.0,0.0,True
Ladakh,Meghalaya,-0.0913967860373597,280751.5,1.754397075054548e-166,3.26208206142955e-166,True
Andhra Pradesh,Punjab,-0.09109376735816335,3177178.0,0.0,0.0,True
Goa,Puducherry,0.09090909090909091,9760718.0,0.0,0.0,True
Punjab,Sikkim,0.0897066426331674,9975570.5,0.0,0.0,True
Andhra Pradesh,Maharashtra,-0.08949955277936625,2987014.5,0.0,0.0,True
Ladakh,Uttar Pradesh,-0.08949027157971397,301899.5,1.3625614549234084e-167,2.565582486327304e-167,True
Delhi,Jammu and Kashmir,0.08844847415015111,12774490.0,0.0,0.0,True
Gujarat,Jammu and Kashmir,-0.08821823369012817,1408747.0,0.0,0.0,True
Maharashtra,Sikkim,0.08811242805437029,10012022.5,0.0,0.0,True
Jammu and Kashmir,Odisha,0.0877991818501224,14604171.0,0.0,0.0,True
Andaman and Nicobar Islands,Jammu and Kashmir,-0.0869235477784239,990506.5,0.0,0.0,True
Chhattisgarh,Ladakh,0.08541522662190185,1934025.0,1.4127341052642466e-146,2.5395069263813493e-146,True
Ladakh,Tamil Nadu,-0.08518457188484649,351969.0,4.201376893708093e-160,7.715491517766406e-160,True
Punjab,Telangana,0.08511808876398338,17052030.5,0.0,0.0,True
Jharkhand,Ladakh,0.08383267791633177,1707992.5,2.6867739003215713e-162,4.949320342697631e-162,True
Himachal Pradesh,Punjab,-0.08356033245042677,1016053.5,0.0,0.0,True
Maharashtra,Telangana,0.08352387418518628,17455544.0,0.0,0.0,True
Ladakh,Manipur,-0.08350642492518923,163554.0,7.304668978816708e-97,1.1259787674600884e-96,True
Assam,Jammu and Kashmir,-0.08348711611547728,816397.0,0.0,0.0,True
Himachal Pradesh,Maharashtra,-0.08196611787162966,980232.5,0.0,0.0,True
Ladakh,Mizoram,-0.08160425101214575,252057.0,2.2588936037295753e-96,3.464024985100766e-96,True
Andhra Pradesh,Kerala,-0.08009383498370717,4132121.0,1.6565343641017911e-239,3.7619768955746783e-239,True
Kerala,Sikkim,0.07870671025871122,6303503.0,2.09334191839064e-230,4.647531497919517e-230,True
Arunachal Pradesh,Goa,-0.07852518998029834,1233577.0,0.0,0.0,True
Ladakh,Rajasthan,-0.07832406879460421,414325.0,2.1328176913403316e-127,3.615460189024209e-127,True
Gujarat,Punjab,-0.0781146542948249,1927460.0,0.0,0.0,True
Odisha,Punjab,-0.07769560245481913,1167679.0,0.0,0.0,True
Ladakh,Uttarakhand,-0.07704344020133494,357675.5,2.2189292253755378e-141,3.9176940329330713e-141,True
Karnataka,Ladakh,0.0769053459026567,1664923.0,5.639298982037629e-130,9.641904868713762e-130,True
Andaman and Nicobar Islands,Punjab,-0.07681996838312063,1352142.0,0.0,0.0,True
Gujarat,Maharashtra,-0.0765204397160278,1603379.5,0.0,0.0,True
Dadra and Nagar Haveli and Daman and Diu,Ladakh,0.07642536856325496,611524.5,3.550512562678067e-105,5.603594097595358e-105,True
Maharashtra,Odisha,0.07610138787602203,17829295.0,0.0,0.0,True
Andaman and Nicobar Islands,Maharashtra,-0.07522575380432353,1071133.0,0.0,0.0,True
Ladakh,Tripura,-0.07510257315979675,338095.5,3.4592876465058325e-131,5.931631555247752e-131,True
Chandigarh,Jammu and Kashmir,-0.07490489308671128,1475030.5,0.0,0.0,True
Jammu and Kashmir,Madhya Pradesh,0.07490489308671128,13858719.0,0.0,0.0,True
Bihar,Jammu and Kashmir,-0.07459062831817297,1762751.0,0.0,0.0,True
Kerala,Telangana,0.0741181563895272,10831973.0,0.0,0.0,True
Haryana,Ladakh,0.07356853672643146,1900902.0,2.90584569973138e-124,4.87036110236668e-124,True
Assam,Punjab,-0.07338353672017402,1220313.0,0.0,0.0,True
Himachal Pradesh,Kerala,-0.07256040007597059,3727101.0,1.0013769092156759e-289,2.5462361580484067e-289,True
Ladakh,West Bengal,-0.07253768255609275,447465.0,5.701936535674917e-127,9.638216587291408e-127,True
Ladakh,Nagaland,-0.07233929288015661,279187.5,1.4496048452721555e-122,2.4092594495445044e-122,True
Assam,Maharashtra,-0.07178932214137691,935767.5,0.0,0.0,True
Jammu and Kashmir,Nagaland,0.06978493058377977,8450422.5,0.0,0.0,True
Jammu and Kashmir,West Bengal,0.06958654090784364,13013428.0,0.0,0.0,True
Haryana,Jammu and Kashmir,-0.06855568673750492,2015683.0,0.0,0.0,True
Bihar,Ladakh,0.06753359514576342,1777002.0,1.079499970166934e-108,1.731273537060177e-108,True
Chandigarh,Ladakh,0.0672193303772251,1706863.0,6.630370094228762e-109,1.0662351908286792e-108,True
Ladakh,Madhya Pradesh,-0.0672193303772251,494953.5,1.9839097831564828e-112,3.225208527262588e-112,True
Gujarat,Kerala,-0.06711472192036873,4104094.5,1.8585868200268355e-229,4.080661099320912e-229,True
Jammu and Kashmir,Tripura,0.06702165030413963,10078333.5,0.0,0.0,True
Kerala,Odisha,0.06669567008036295,10565792.0,1.6135606687802652e-240,3.678423746836237e-240,True
Andaman and Nicobar Islands,Kerala,-0.06582003600866446,2724237.5,3.0597132285485233e-140,5.386181570965596e-140,True
Dadra and Nagar Haveli and Daman and Diu,Jammu and Kashmir,-0.06569885490068142,780302.0,2.3529000811491445e-297,6.140243632823425e-297,True
Jammu and Kashmir,Karnataka,0.06521887756127968,10412585.5,0.0,0.0,True
Jammu and Kashmir,Uttarakhand,0.06508078326260144,11208121.5,0.0,0.0,True
Madhya Pradesh,Punjab,-0.06480131369140801,2773418.5,0.0,0.0,True
Chandigarh,Punjab,-0.06480131369140801,2408044.5,0.0,0.0,True
Andhra Pradesh,Arunachal Pradesh,-0.06457443312520539,2272175.0,0.0,0.0,True
Bihar,Punjab,-0.0644870489228697,2833045.5,0.0,0.0,True
Jammu and Kashmir,Rajasthan,0.06380015466933217,12251560.5,0.0,0.0,True
Chandigarh,Maharashtra,-0.06320709911261091,1511428.0,0.0,0.0,True
Madhya Pradesh,Maharashtra,-0.06320709911261091,1831709.0,0.0,0.0,True
Arunachal Pradesh,Sikkim,0.06318730840020943,5545253.5,0.0,0.0,True
Goa,Kerala,0.06300578812179655,7991573.0,7.076423292908396e-305,1.931409109761695e-304,True
Bihar,Maharashtra,-0.0628928343440726,2022535.0,0.0,0.0,True
Assam,Kerala,-0.06238360434571784,3912533.0,1.596227840104625e-215,3.3442097354304644e-215,True
Jammu and Kashmir,Mizoram,0.06051997245179064,5936207.0,6.10636776948007e-265,1.465035815661549e-264,True
Nagaland,Punjab,-0.059681351188476506,2163753.5,0.0,0.0,True
Punjab,West Bengal,0.05948296151254037,15142443.0,0.0,0.0,True
Assam,Ladakh,0.0586371073484591,1651702.5,5.93566320940469e-82,8.741880221771759e-82,True
Jammu and Kashmir,Manipur,0.05861779853874716,3885579.0,8.593650736902479e-149,1.5494612692293863e-148,True
Arunachal Pradesh,Telangana,0.05859875453102542,9610932.5,0.0,0.0,True
Haryana,Punjab,-0.05845210734220166,3075499.0,0.0,0.0,True
Jammu and Kashmir,Jharkhand,0.058291545547604615,9839747.5,0.0,0.0,True
Maharashtra,Nagaland,0.0580871366096794,10461326.0,0.0,0.0,True
Maharashtra,West Bengal,0.05788874693374327,16222005.0,0.0,0.0,True
Arunachal Pradesh,Himachal Pradesh,0.0570409982174688,9816915.0,0.0,0.0,True
Jammu and Kashmir,Tamil Nadu,0.056939651579089895,12403160.0,0.0,0.0,True
Punjab,Tripura,0.05691807090883637,11720421.5,0.0,0.0,True
Haryana,Maharashtra,-0.056857892763404555,2025293.0,0.0,0.0,True
Chhattisgarh,Jammu and Kashmir,-0.05670899684203454,3005476.0,0.0,0.0,True
Dadra and Nagar Haveli and Daman and Diu,Punjab,-0.055595275505378156,1207725.5,1.4902727724532589e-235,3.358758710642762e-235,True
Maharashtra,Tripura,0.055323856330039264,12515838.5,0.0,0.0,True
Andaman and Nicobar Islands,Ladakh,0.055200675685512485,1098510.5,1.0799176687597583e-88,1.622603567959738e-88,True
Karnataka,Punjab,-0.05511529816597642,3839732.5,0.0,0.0,True
Punjab,Uttarakhand,0.05497720386729818,12910553.0,0.0,0.0,True
Ladakh,Odisha,-0.05432504161381399,595360.5,1.3880950998571317e-81,2.034277301514762e-81,True
Dadra and Nagar Haveli and Daman and Diu,Maharashtra,-0.05400106092658105,836477.5,0.0,0.0,True
Gujarat,Ladakh,0.05390598977380821,1802006.5,2.392917914717411e-95,3.6507337416842557e-95,True
Chandigarh,Kerala,-0.053801381316951835,4400587.0,1.9972447506259606e-137,3.4951783135954313e-137,True
Kerala,Madhya Pradesh,0.053801381316951835,9756464.5,3.4009844199378116e-125,5.716343869669485e-125,True
Punjab,Rajasthan,0.05369657527402891,14255462.5,0.0,0.0,True
Goa,Maharashtra,0.05360007032613748,9309227.0,4.740264302988311e-188,9.464621678785386e-188,True
Karnataka,Maharashtra,-0.053521083587179316,3073058.5,0.0,0.0,True
Bihar,Kerala,-0.053487116548413524,4729044.0,1.0670632759335374e-123,1.7784387932225623e-123,True
Maharashtra,Uttarakhand,0.053382989288501076,13949192.0,0.0,0.0,True
Jammu and Kashmir,Uttar Pradesh,0.052633951884222416,11518270.0,0.0,0.0,True
Andhra Pradesh,Puducherry,-0.052190532196412814,4364341.5,2.7751889729984117e-238,6.278469349559145e-238,True
Maharashtra,Rajasthan,0.0521023606952318,15269570.0,0.0,0.0,True
Goa,Punjab,0.052005855747340374,9102956.0,5.141080855833239e-167,9.58916335178927e-167,True
Arunachal Pradesh,Gujarat,0.05159532006186694,9061215.0,0.0,0.0,True
Arunachal Pradesh,Odisha,0.051176268221861165,10088846.0,0.0,0.0,True
Puducherry,Sikkim,0.05080340747141686,7517667.5,0.0,0.0,True
Jammu and Kashmir,Meghalaya,0.05072743742657668,10560073.0,0.0,0.0,True
Andhra Pradesh,Meghalaya,-0.05046990932688994,4693056.5,2.2201990835054016e-233,4.966234792051556e-233,True
Mizoram,Punjab,-0.050416393056487374,2480967.0,5.628339559333863e-205,1.1668508842521423e-204,True
Andaman and Nicobar Islands,Arunachal Pradesh,-0.05030063415016267,748428.0,0.0,0.0,True
Meghalaya,Sikkim,0.04908278460189398,8320828.0,0.0,0.0,True
Jammu and Kashmir,Puducherry,0.0490068145570538,9295719.0,1.7387518755797882e-266,4.205517747845423e-266,True
Maharashtra,Mizoram,0.04882217847769027,7416646.0,0.0,0.0,True
Kerala,Nagaland,0.04868141881402033,5938835.0,3.527490758597968e-70,4.961836882661444e-70,True
Andhra Pradesh,Uttar Pradesh,-0.0485633948692442,4984380.5,1.0889363367696676e-248,2.501610503389777e-248,True
Manipur,Punjab,-0.04851421914344389,1894586.5,4.962864737927118e-124,8.294675615355718e-124,True
Kerala,West Bengal,0.048483029138084194,9179816.0,4.865514489855042e-75,6.992708022859299e-75,True
Himachal Pradesh,Ladakh,0.04846031161820635,1748819.5,2.4338559327835747e-79,3.540695061139919e-79,True
Jharkhand,Punjab,-0.04818796615230135,4520159.0,6.316604269470781e-229,1.3817571839467334e-228,True
Haryana,Kerala,-0.04745217496774548,5130404.0,6.79089625856433e-106,1.0774888730255403e-105,True
Sikkim,Uttar Pradesh,-0.047176270144248245,918840.5,0.0,0.0,True
Maharashtra,Manipur,0.04692000456464679,4852391.0,3.2276332393858196e-183,6.296530417818239e-183,True
Ladakh,Telangana,-0.046902555304649735,602839.0,3.8424917892325076e-76,5.535793255673952e-76,True
Arunachal Pradesh,Assam,0.04686420248721605,9279719.5,0.0,0.0,True
Punjab,Tamil Nadu,0.04683607218378663,13945113.5,0.0,0.0,True
Chhattisgarh,Punjab,-0.04660541744673127,4340598.5,0.0,0.0,True
Jharkhand,Maharashtra,-0.04659375157350425,3447453.5,0.0,0.0,True
Delhi,Goa,0.046546197798114,8877524.5,4.92430359638576e-137,8.592259940907705e-137,True
Puducherry,Telangana,0.04621485360223285,12830069.0,0.0,0.0,True
Kerala,Tripura,0.04591813853438019,7249177.0,1.409430492601127e-61,1.9412294979112744e-61,True
Maharashtra,Tamil Nadu,0.04524185760498953,15521548.0,0.0,0.0,True
Chhattisgarh,Maharashtra,-0.04501120286793417,3366881.0,0.0,0.0,True
Himachal Pradesh,Puducherry,-0.04465709728867623,1916219.0,0.0,0.0,True
Dadra and Nagar Haveli and Daman and Diu,Kerala,-0.04459534313092198,1751282.5,2.168102942723861e-38,2.7564556643604643e-38,True
Meghalaya,Telangana,0.04449423073270997,14274704.0,0.0,0.0,True
Andhra Pradesh,Chhattisgarh,-0.04448834991143208,5875647.5,5.266881187965521e-179,1.0207799045079755e-178,True
Andhra Pradesh,Tamil Nadu,-0.04425769517437672,5388416.5,5.326444581947124e-263,1.2676938105034154e-262,True
Karnataka,Kerala,-0.04411536579152024,4935677.5,3.138003973768555e-53,4.1583794307177953e-53,True
Kerala,Uttarakhand,0.043977271492842,7896239.5,3.343947986645925e-47,4.382486898798073e-47,True
Chhattisgarh,Sikkim,0.04310122518643612,8490863.5,0.0,0.0,True
Himachal Pradesh,Meghalaya,-0.04293647441915335,1134442.0,0.0,0.0,True
Andhra Pradesh,Jharkhand,-0.042905801205862,4232957.5,1.4944990359219914e-276,3.6593700673810074e-276,True
Sikkim,Tamil Nadu,-0.042870570449380765,1158509.0,0.0,0.0,True
Kerala,Rajasthan,0.04269664289957273,9116388.5,1.500752161842289e-125,2.5295964201024417e-125,True
Telangana,Uttar Pradesh,-0.04258771627506423,1522545.5,0.0,0.0,True
Andhra Pradesh,Manipur,-0.04257954821471946,2203950.0,3.241870913487179e-76,4.6818281396234745e-76,True
Punjab,Uttar Pradesh,0.04253037248891915,12902823.5,0.0,0.0,True
Ladakh,Sikkim,-0.04231400143546572,343608.5,6.176714011257346e-75,8.855770690838846e-75,True
Goa,Jammu and Kashmir,0.04190227635203711,7719705.0,2.410660650261965e-184,4.718233838506148e-184,True
Jharkhand,Sikkim,0.041518676480866046,8088540.0,0.0,0.0,True
Manipur,Sikkim,0.041192423489723504,2848260.0,3.2342350855184103e-173,6.128566483705268e-173,True
Himachal Pradesh,Uttar Pradesh,-0.041029959961507614,928498.0,0.0,0.0,True
Maharashtra,Uttar Pradesh,0.04093615791012205,14730123.0,0.0,0.0,True
Andhra Pradesh,Ladakh,0.04092687671046977,1876844.5,5.1514704091307115e-107,8.195521105435223e-107,True
Andhra Pradesh,Mizoram,-0.04067737430167598,3337565.5,3.5668209673193e-79,5.176240184280448e-79,True
Meghalaya,Punjab,-0.04062385803127341,4239227.0,9.264606316253918e-293,2.376052050935811e-292,True
Kerala,Mizoram,0.039416460682031196,4363978.0,3.758842312219334e-35,4.7383711351069995e-35,True
Mizoram,Sikkim,0.03929024957668002,4157715.0,5.537013211444423e-228,1.2067849306994256e-227,True
Gujarat,Puducherry,-0.03921141913307437,3062297.0,0.0,0.0,True
Maharashtra,Meghalaya,0.03902964345247631,13500208.0,0.0,0.0,True
Puducherry,Punjab,-0.03890323516175054,4683201.5,2.1991173602123904e-189,4.420523072048555e-189,True
Odisha,Puducherry,-0.03879236729306859,2055349.5,0.0,0.0,True
Chhattisgarh,Telangana,0.03851267131725211,14254188.5,0.0,0.0,True
Tamil Nadu,Telangana,0.038282016580196754,16328004.5,0.0,0.0,True
Arunachal Pradesh,Chandigarh,0.03828197945845005,8184445.0,0.0,0.0,True
Arunachal Pradesh,Madhya Pradesh,0.03828197945845005,9046139.0,0.0,0.0,True
Arunachal Pradesh,Bihar,0.03796771468991174,8317389.5,0.0,0.0,True
Andaman and Nicobar Islands,Puducherry,-0.0379167332213701,2052425.5,3.633931705598202e-300,9.609730510359691e-300,True
Kerala,Manipur,0.037514286768987715,2868172.5,4.4450724732926216e-14,5.0570136168434223e-14,True
Gujarat,Meghalaya,-0.03749079626355149,2685473.0,0.0,0.0,True
Andhra Pradesh,Rajasthan,-0.037397192084134445,7106082.5,7.903813324507449e-56,1.0544324950856351e-55,True
Maharashtra,Puducherry,0.037309020582953434,11480884.5,0.0,0.0,True
Jharkhand,Kerala,-0.03718803377784517,5475392.5,1.1706115687848623e-14,1.3420306039055744e-14,True
Meghalaya,Odisha,0.037071744423545716,15208753.5,0.0,0.0,True
Chhattisgarh,Himachal Pradesh,0.03695491500369549,14563153.0,0.0,0.0,True
Jharkhand,Telangana,0.036930122611682034,13589741.5,0.0,0.0,True
Himachal Pradesh,Tamil Nadu,-0.036724260266640135,1391305.5,0.0,0.0,True
Arunachal Pradesh,Jammu and Kashmir,-0.03662291362826123,2982744.5,1.6984973409231442e-86,2.513945069276793e-86,True
Manipur,Telangana,0.03660386962053949,4804313.0,3.593777728998578e-192,7.273121594401885e-192,True
Andaman and Nicobar Islands,Meghalaya,-0.03619611035184722,1758846.5,0.0,0.0,True
Andhra Pradesh,Uttarakhand,-0.03611656349086517,5330732.0,1.8348259117295893e-186,3.6512421989267745e-186,True
Rajasthan,Sikkim,0.03601006735913849,7134704.0,5.877966431216048e-165,1.0895296032939404e-164,True
Andhra Pradesh,Karnataka,-0.03597846919218693,5642682.5,6.860044784846262e-117,1.1275487975092614e-116,True
Kerala,Tamil Nadu,0.03583613980933045,8546869.0,2.387773895360869e-34,2.997311113374931e-34,True
Chhattisgarh,Kerala,-0.035605485072275095,5663527.0,7.862640053959939e-53,1.0396157404680363e-52,True
Gujarat,Uttar Pradesh,-0.035584281805905754,2744628.0,0.0,0.0,True
Andhra Pradesh,Dadra and Nagar Haveli and Daman and Diu,-0.0354984918527852,1994533.0,1.2841270003067044e-73,1.8235216352804036e-73,True
Himachal Pradesh,Jharkhand,-0.035372366298125416,1144978.0,0.0,0.0,True
Odisha,Uttar Pradesh,-0.03516522996589998,777969.0,0.0,0.0,True
Himachal Pradesh,Manipur,-0.03504611330698287,1410050.0,6.574537059274057e-226,1.4173367935753853e-225,True
Sikkim,Uttarakhand,-0.03472943876586922,1634196.5,0.0,0.0,True
Mizoram,Telangana,0.03470169570749601,7014007.5,5.196195428670892e-265,1.2517150931413686e-264,True
Karnataka,Sikkim,0.034591344467190976,7165241.0,1.996090959775154e-300,5.3021166119027526e-300,True
Assam,Puducherry,-0.03448030155842348,2003818.5,0.0,0.0,True
Andaman and Nicobar Islands,Uttar Pradesh,-0.03428959589420148,1814892.0,0.0,0.0,True
Andhra Pradesh,Tripura,-0.034175696449326984,5235220.0,5.25256460656601e-121,8.681322058074378e-121,True
Dadra and Nagar Haveli and Daman and Diu,Sikkim,0.03411136712778924,2767785.0,5.484838127538575e-230,1.2131891025596476e-229,True
Arunachal Pradesh,Nagaland,0.03316201695551854,5299375.0,6.7837175223112e-294,1.7473211799892482e-293,True
Himachal Pradesh,Mizoram,-0.03314393939393939,1917655.0,0.0,0.0,True
Arunachal Pradesh,West Bengal,0.03296362727958241,8306939.0,0.0,0.0,True
Sikkim,Tripura,-0.03278857172433103,1992664.5,2.1505883566687654e-279,5.331666967574647e-279,True
Assam,Meghalaya,-0.032759678688900604,961734.5,0.0,0.0,True
Andhra Pradesh,Haryana,-0.03264166001596169,6706389.5,7.272401914655952e-110,1.1758367226142097e-109,True
Arunachal Pradesh,Haryana,0.031932773109243695,8253324.5,0.0,0.0,True
Andhra Pradesh,West Bengal,-0.03161080584562298,6473338.0,6.147780915515993e-145,1.098477370790395e-144,True
Kerala,Uttar Pradesh,0.031530440114462974,7871878.5,1.4539175443060292e-33,1.8135868739247114e-33,True
Chhattisgarh,Gujarat,0.03150923684809363,13120105.0,7.158452641418911e-302,1.9272757111512454e-301,True
Rajasthan,Telangana,0.03142151348995448,12126715.5,1.6162612199098816e-216,3.4101965455545374e-216,True
Andhra Pradesh,Nagaland,-0.031412416169686846,4108575.5,4.111532374693841e-115,6.720774074018778e-115,True
Gujarat,Tamil Nadu,-0.031278582111038275,3320569.0,0.0,0.0,True
Haryana,Sikkim,0.03125453529096574,8313497.5,0.0,0.0,True
Chhattisgarh,Odisha,0.031090185008087856,14355747.0,0.0,0.0,True
Odisha,Tamil Nadu,-0.030859530271032498,1470113.5,0.0,0.0,True
Assam,Uttar Pradesh,-0.030853164231254865,807960.5,0.0,0.0,True
Arunachal Pradesh,Tripura,0.030398736675878404,6215285.5,3.7515630895551276e-224,8.058411690560653e-224,True
Sikkim,West Bengal,-0.030223681120627024,2260398.5,0.0,0.0,True
Andaman and Nicobar Islands,Chhattisgarh,-0.03021455093638936,3198060.5,1.5518893981996747e-181,3.01756271872159e-181,True
Telangana,Uttarakhand,-0.030140884896685205,3203594.5,0.0,0.0,True
Nagaland,Sikkim,0.03002529144469089,5612502.0,0.0,0.0,True
Karnataka,Telangana,0.030002790598006965,11965089.5,0.0,0.0,True
Andaman and Nicobar Islands,Tamil Nadu,-0.029983896199334004,2288512.0,0.0,0.0,True
Gujarat,Jharkhand,-0.029926688142523555,2670627.0,0.0,0.0,True
Himachal Pradesh,Rajasthan,-0.02986375717639786,5224515.5,1.6896956528249286e-219,3.6034728079958157e-219,True
Kerala,Meghalaya,0.029623925656817235,7312175.0,5.7641254864246935e-31,7.130259177593955e-31,True
Gujarat,Manipur,-0.029600435151381013,1829866.0,1.130294101825063e-131,1.9437138456240243e-131,True
Dadra and Nagar Haveli and Daman and Diu,Telangana,0.02952281325860523,4584413.5,6.554079807011081e-231,1.4605533652328066e-230,True
Jharkhand,Odisha,0.02950763630251778,14528600.0,0.0,0.0,True
Manipur,Odisha,0.029181383311375236,4978517.5,1.8810826760746932e-210,3.913441231693855e-210,True
Arunachal Pradesh,Dadra and Nagar Haveli and Daman and Diu,0.02907594127242019,2537200.0,3.829376446073834e-176,7.34993221101268e-176,True
Andaman and Nicobar Islands,Jharkhand,-0.028632002230819284,1884853.0,0.0,0.0,True
Arunachal Pradesh,Karnataka,0.028595963933018456,6384569.5,1.872534565908485e-186,3.713860222385162e-186,True
Himachal Pradesh,Uttarakhand,-0.028583128583128586,2689394.5,0.0,0.0,True
Arunachal Pradesh,Uttarakhand,0.028457869634340216,6734812.0,2.23526114846297e-189,4.478048428738947e-189,True
Himachal Pradesh,Karnataka,-0.028445034284450346,3354411.0,0.0,0.0,True
Andaman and Nicobar Islands,Manipur,-0.028305749239676742,1216032.0,8.33563296210858e-88,1.2492951164873062e-87,True
Telangana,Tripura,-0.028200017855147017,3651095.5,0.0,0.0,True
Dadra and Nagar Haveli and Daman and Diu,Himachal Pradesh,0.02796505694504861,4818613.5,1.9969159111261885e-294,5.165934639652531e-294,True
Kerala,Puducherry,0.02790330278729436,6697313.5,5.388288813745399e-18,6.298687316657196e-18,True
Gujarat,Mizoram,-0.027698261238337532,2654497.0,1.4224259850944876e-167,2.6698531896883915e-167,True
Mizoram,Odisha,0.027279209398331755,7321811.0,3.0568727042018136e-302,8.267451177273086e-302,True
Arunachal Pradesh,Rajasthan,0.027177241041070943,7398865.5,1.3327063449176335e-260,3.121890847346425e-260,True
Assam,Chhattisgarh,-0.026778119273442744,3830448.0,0.0,0.0,True
Haryana,Telangana,0.026665981421781726,13583222.0,0.0,0.0,True
Himachal Pradesh,Tripura,-0.026642261541590398,3394840.5,0.0,0.0,True
Andhra Pradesh,Bihar,-0.02660671843529365,6754420.0,3.3309353439099016e-81,4.869549212841256e-81,True
Assam,Tamil Nadu,-0.026547464536387386,1582059.0,0.0,0.0,True
Arunachal Pradesh,Punjab,-0.026519334232957964,3975216.0,4.8783506301557236e-55,6.479059430675571e-55,True
Andaman and Nicobar Islands,Mizoram,-0.02640357532663326,1739846.5,8.384994827003376e-112,1.3594201422525909e-111,True
Andhra Pradesh,Madhya Pradesh,-0.02629245366675534,7100662.0,3.557697837776572e-94,5.413888014007827e-94,True
Andhra Pradesh,Chandigarh,-0.02629245366675534,6690919.0,2.1994531839078624e-64,3.072006207570841e-64,True
Madhya Pradesh,Puducherry,-0.025898078529657476,4103808.0,9.193218387875756e-285,2.317781754570371e-284,True
Chandigarh,Puducherry,-0.025898078529657476,3564078.5,2.788497580559843e-289,7.060238555034496e-289,True
Telangana,West Bengal,-0.025635127251443013,4509654.0,0.0,0.0,True
Bihar,Puducherry,-0.025583813761119165,3925006.0,6.523567833373905e-261,1.5402868495466164e-260,True
Nagaland,Telangana,0.02543673757550688,9194809.0,0.0,0.0,True
Bihar,Sikkim,0.025219593710297694,7688019.0,8.584310481729688e-261,2.0188398168494722e-260,True
Assam,Jharkhand,-0.025195570567872666,1297781.0,0.0,0.0,True
Haryana,Himachal Pradesh,0.025108225108225107,14037093.0,0.0,0.0,True
Arunachal Pradesh,Maharashtra,-0.02492511965416086,3282839.0,3.018160708450793e-138,5.2973617154224837e-138,True
Madhya Pradesh,Sikkim,0.024905328941759383,8444878.5,1.362457995539858e-308,3.7530671636398865e-308,True
Chandigarh,Sikkim,0.024905328941759383,7145527.0,1.4047530534520852e-211,2.932730058961371e-211,True
Assam,Manipur,-0.024869317576730124,1453226.5,1.6330534978616695e-189,3.293785868568452e-189,True
Gujarat,Rajasthan,-0.024418079020796,6375325.0,3.172599496958239e-98,4.903108313480914e-98,True
Chandigarh,Meghalaya,-0.0241774556601346,3052223.0,0.0,0.0,True
Madhya Pradesh,Meghalaya,-0.0241774556601346,3519773.0,0.0,0.0,True
Himachal Pradesh,West Bengal,-0.024077370937886394,4027809.0,0.0,0.0,True
Odisha,Rajasthan,-0.023999027180790222,5693743.5,2.7975589873332167e-177,5.386885428683702e-177,True
Arunachal Pradesh,Mizoram,0.02389705882352941,3590419.5,8.971019267100365e-115,1.4623990312122512e-114,True
Himachal Pradesh,Nagaland,-0.02387898126195026,2341258.5,0.0,0.0,True
Bihar,Meghalaya,-0.02386319089159629,3422509.0,0.0,0.0,True
Gujarat,Uttarakhand,-0.023137450427526726,4239522.5,0.0,0.0,True
Andaman and Nicobar Islands,Rajasthan,-0.023123393109091728,4132285.0,4.47497700848262e-52,5.903794501213213e-52,True
Gujarat,Karnataka,-0.022999356128848486,4650496.0,9.117000101962136e-218,1.9304679931200967e-217,True
Assam,Mizoram,-0.022967143663686643,1937346.0,1.1170770941893545e-279,2.781007828630401e-279,True
Odisha,Uttarakhand,-0.02271839858752095,3192180.5,0.0,0.0,True
Karnataka,Odisha,0.02258030428884271,12322394.5,0.0,0.0,True
Dadra and Nagar Haveli and Daman and Diu,Gujarat,0.02251937878944675,4220477.5,4.392192688827631e-142,7.77784121979893e-142,True
Chandigarh,Uttar Pradesh,-0.02227094120248886,3277382.0,0.0,0.0,True
Madhya Pradesh,Uttar Pradesh,-0.02227094120248886,3860850.5,0.0,0.0,True
Dadra and Nagar Haveli and Daman and Diu,Odisha,0.022100326949440974,4793311.0,3.9427244224254335e-263,9.421369603787682e-263,True
Arunachal Pradesh,Manipur,0.02199488491048593,2352450.0,2.059519781715248e-61,2.8235351846096143e-61,True
Bihar,Uttar Pradesh,-0.02195667643395055,3706572.0,0.0,0.0,True
Andaman and Nicobar Islands,Uttarakhand,-0.021842764515822455,2911430.5,5.406809685433399e-186,1.068787961074044e-185,True
Andaman and Nicobar Islands,Karnataka,-0.021704670217144215,3078134.5,6.49997233796377e-130,1.1081614730912444e-129,True
Arunachal Pradesh,Jharkhand,0.021668631919343387,5774598.0,1.179322347060474e-104,1.8563407314840796e-104,True
Andaman and Nicobar Islands,Dadra and Nagar Haveli and Daman and Diu,-0.02122469287774248,1076453.5,3.9711516942484635e-91,6.012303455668794e-91,True
Gujarat,Tripura,-0.021196583385988538,4574663.5,1.0384539512441243e-184,2.0392082540932475e-184,True
Jammu and Kashmir,Kerala,0.021103511769759442,7375089.5,4.270325353503837e-59,5.774644512124506e-59,True
Nagaland,Puducherry,-0.020778116026725968,3142212.5,2.787619434229472e-134,4.821609195832953e-134,True
Odisha,Tripura,-0.02077753154598276,3893496.5,5.338338523090268e-298,1.3992561327042774e-297,True
Bihar,Telangana,0.020631039841113682,12448592.5,7.514574810894023e-254,1.746551567375759e-253,True
Puducherry,West Bengal,0.020579726350789834,10372117.5,5.891115459329531e-153,1.0686627128966678e-152,True
Chandigarh,Telangana,0.02031677507257537,11607562.0,1.3253456177881349e-204,2.7286527425049835e-204,True
Madhya Pradesh,Telangana,0.02031677507257537,13623045.0,7.750836470249092e-301,2.0680482958736366e-300,True
Arunachal Pradesh,Tamil Nadu,0.020316737950828667,7174373.0,4.2193187564071446e-145,7.561730903801961e-145,True
Arunachal Pradesh,Chhattisgarh,0.02008608321377331,7041261.0,3.9502455400370396e-159,7.231987988683196e-159,True
Andaman and Nicobar Islands,Tripura,-0.019901897474284266,3083055.0,6.848916289028049e-100,1.0639961336740703e-99,True
Assam,Rajasthan,-0.01968696144614511,5420384.0,1.912890107149995e-151,3.4594821086755226e-151,True
Gujarat,Haryana,-0.019662546952623247,5877261.5,5.565113978738955e-176,1.0647083013986104e-175,True
Haryana,Puducherry,-0.01954887218045112,4669326.0,9.212497707970143e-186,1.8150450782259057e-185,True
Haryana,Odisha,0.01924349511261747,13586360.5,1.4475674292595352e-305,3.9691364995825967e-305,True
Bihar,Himachal Pradesh,0.019073283527557064,13184042.5,0.0,0.0,True
Meghalaya,Nagaland,0.019057493157203093,7319033.0,2.368947947982298e-177,4.576376717693075e-177,True
Meghalaya,West Bengal,0.01885910348126696,11469551.0,9.65947284446269e-221,2.067405159156583e-220,True
Himachal Pradesh,Madhya Pradesh,-0.018759018759018753,4467786.0,0.0,0.0,True
Chandigarh,Himachal Pradesh,0.018759018759018753,12146891.0,2.8794140908166215e-272,6.992862791983224e-272,True
Gujarat,West Bengal,-0.018631692782284534,5789357.5,7.179929046913822e-202,1.468061093784785e-201,True
Gujarat,Nagaland,-0.0184333031063484,3564387.0,8.174569318068063e-176,1.5589322898238775e-175,True
Assam,Uttarakhand,-0.018406332852875837,3239975.5,0.0,0.0,True
Andaman and Nicobar Islands,Haryana,-0.018367861040918976,3967884.5,2.5473473787448194e-87,3.7891792258829185e-87,True
Assam,Karnataka,-0.018268238554197597,3679112.5,0.0,0.0,True
Odisha,West Bengal,-0.018212640942278757,4877833.0,0.0,0.0,True
Chandigarh,Chhattisgarh,-0.01819589624467674,5768160.0,1.6357393749522085e-122,2.7110443679570034e-122,True
Chhattisgarh,Madhya Pradesh,0.01819589624467674,11781089.0,1.0966380654230702e-109,1.7682917315087447e-109,True
Puducherry,Tripura,0.01801483574708583,7846149.0,6.411543220738446e-89,9.657894218580697e-89,True
Nagaland,Odisha,0.018014251266342624,9148136.5,2.4057531432821044e-295,6.250755983636908e-295,True
Madhya Pradesh,Tamil Nadu,-0.017965241507621382,5149123.0,1.6185150740545365e-303,4.397335475171e-303,True
Chandigarh,Tamil Nadu,-0.017965241507621382,4387902.5,0.0,0.0,True
Bihar,Chhattisgarh,-0.01788163147613843,6441169.0,1.017428116019226e-87,1.52102946992824e-87,True
Haryana,Meghalaya,-0.017828249310928246,4660361.0,5.749307599856299e-226,1.2439410988779991e-225,True
Assam,Dadra and Nagar Haveli and Daman and Diu,-0.01778826121479586,1130019.0,1.1924359826882074e-229,2.627775591479568e-229,True
Andhra Pradesh,Assam,-0.017710230637989335,7516943.5,1.3110321851689636e-26,1.5854962401941736e-26,True
Bihar,Tamil Nadu,-0.01765097673908307,4871481.5,8.226754441380721e-284,2.065366621359295e-283,True
Andaman and Nicobar Islands,West Bengal,-0.017337006870580263,3950632.5,1.5404849588445107e-99,2.3869493502929264e-99,True
Nagaland,Uttar Pradesh,-0.017150978699557354,3377348.5,1.6683788293714402e-167,3.121652212188701e-167,True
Andaman and Nicobar Islands,Nagaland,-0.01713861719464413,2432060.0,2.0074572205904688e-95,3.0705322525741106e-95,True
Uttar Pradesh,West Bengal,0.01695258902362122,12222821.5,5.879447570631293e-219,1.2493826087591498e-218,True
Dadra and Nagar Haveli and Daman and Diu,Puducherry,-0.016692040343627618,1673465.0,1.660851359517156e-61,2.2822322376736902e-61,True
Chandigarh,Jharkhand,-0.016613347539106663,3620067.5,1.7283313574488222e-298,4.550252910097563e-298,True
Jharkhand,Madhya Pradesh,0.016613347539106663,11704871.0,7.784580525356044e-292,1.9879079023977884e-291,True
Assam,Tripura,-0.01646546581133765,3772939.5,1.7898733050605224e-257,4.176371045141219e-257,True
Assam,Sikkim,0.01632310591299338,6595369.5,1.3415977976392834e-105,2.1230071531791853e-105,True
Bihar,Jharkhand,-0.01629908277056835,3911387.5,8.646581711723855e-282,2.1616454279309635e-281,True
Meghalaya,Tripura,0.016294212877562955,8390987.5,1.6538041598824006e-102,2.589509145079022e-102,True
Chandigarh,Manipur,-0.01628709454796412,2076133.5,3.805030377390963e-62,5.265100173366565e-62,True
Madhya Pradesh,Manipur,-0.01628709454796412,2368848.0,1.444441573908449e-57,1.9488497425748915e-57,True
Karnataka,Puducherry,-0.016212063004225882,5081197.0,3.819990968633135e-60,5.189257137755057e-60,True
Puducherry,Uttarakhand,0.016073968705547642,8413936.0,1.569806718322042e-60,2.1373798567542676e-60,True
Arunachal Pradesh,Uttar Pradesh,0.016011038255961188,6553982.5,1.431218896967513e-133,2.4683340396975948e-133,True
Bihar,Manipur,-0.01597282977942581,2207287.0,5.241103735562419e-57,7.02355117716135e-57,True
Haryana,Uttar Pradesh,-0.015921734853282507,5140088.0,2.940105553714894e-216,6.181494008693859e-216,True
Arunachal Pradesh,Kerala,-0.015519401858501786,4238445.0,0.0034680296484426282,0.0036328831704636683,True
Dadra and Nagar Haveli and Daman and Diu,Meghalaya,-0.014971417474104742,1621901.0,4.831402255912432e-87,7.16878888346109e-87,True
Assam,Haryana,-0.014931429377972358,4869238.0,3.6217026194182526e-252,8.384875714217355e-252,True
Puducherry,Rajasthan,0.01479334011227837,9447706.0,1.1873880033139532e-120,1.957052249229369e-120,True
Karnataka,Meghalaya,-0.014491440134703007,5260497.0,4.958171158005703e-70,6.957810941069323e-70,True
Tripura,Uttar Pradesh,-0.014387698419917216,5020174.0,1.360526474429091e-96,2.0917655097811606e-96,True
Madhya Pradesh,Mizoram,-0.01438492063492064,3413326.0,8.548662141714512e-75,1.222705282288494e-74,True
Chandigarh,Mizoram,-0.01438492063492064,2977387.5,7.546628279916309e-82,1.108702179395112e-81,True
Meghalaya,Uttarakhand,0.014353345836024767,8869053.0,2.5455512750758216e-61,3.4818459969427904e-61,True
Andaman and Nicobar Islands,Andhra Pradesh,0.014273798975042717,6454320.0,3.7790893536619754e-24,4.5242619022713785e-24,True
Arunachal Pradesh,Meghalaya,0.01410452379831545,5957170.5,2.5586698646685612e-107,4.0815243149538714e-107,True
Bihar,Mizoram,-0.014070655866382328,3192275.0,2.5813695973484476e-72,3.6569402629103006e-72,True
Assam,West Bengal,-0.013900575207633645,4815276.5,7.135918707292904e-277,1.7544924094377183e-276,True
Assam,Nagaland,-0.013702185531697511,2927679.0,3.285203578754248e-243,7.518062035995298e-243,True
Bihar,Gujarat,0.013627605371955204,11430807.5,1.364019212816203e-134,2.36615577733423e-134,True
Andhra Pradesh,Odisha,-0.013398164903344223,8355535.0,5.629348729222122e-20,6.593430106077093e-20,True
Chandigarh,Gujarat,0.013313340603416893,10641519.5,2.0967373076576896e-101,3.2744322783630585e-101,True
Gujarat,Madhya Pradesh,-0.013313340603416893,6449291.0,1.0109316627941444e-136,1.7587846180190525e-136,True
Bihar,Odisha,0.013208553531949427,12837584.5,9.110317298551243e-274,2.2215732756713073e-273,True
Chhattisgarh,Nagaland,0.013075933741745233,6780411.5,1.5742833039212448e-29,1.9353276153577286e-29,True
Meghalaya,Rajasthan,0.013072717242755494,9764224.5,1.5401212655048854e-103,2.41786847750767e-103,True
Dadra and Nagar Haveli and Daman and Diu,Uttar Pradesh,-0.013064903016459004,1824044.5,2.1333668139756664e-74,3.036730273482109e-74,True
Andhra Pradesh,Gujarat,-0.012979113063338446,8365215.0,2.96059152998029e-14,3.381097812549467e-14,True
Madhya Pradesh,Odisha,0.012894288763411116,13596893.0,1.1931967596020774e-262,2.8284943106105023e-262,True
Chandigarh,Odisha,0.012894288763411116,11817291.5,1.5324870934775422e-202,3.1442407607556473e-202,True
Andaman and Nicobar Islands,Sikkim,0.012886674250046762,4265217.5,1.064719936176096e-85,1.5719810472078835e-85,True
Chhattisgarh,West Bengal,0.012877544065809099,10674391.5,7.941946598288216e-39,1.0140468296097616e-38,True
Nagaland,Tamil Nadu,-0.012845279004689875,4107103.5,5.200493432305413e-116,8.524224771960663e-116,True
Tamil Nadu,West Bengal,0.012646889328753741,12503582.0,7.353159322558999e-145,1.3099191008750313e-144,True
Karnataka,Uttar Pradesh,-0.012584925677057268,5743753.5,1.6520815040154424e-64,2.3129141056216195e-64,True
Uttar Pradesh,Uttarakhand,0.012446831378379028,9428725.0,1.748441565889201e-57,2.3536713386970015e-57,True
Arunachal Pradesh,Puducherry,0.012383900928792574,5171057.0,2.1185723700437255e-47,2.782672318269353e-47,True
Andaman and Nicobar Islands,Bihar,-0.012332919460250932,4098475.0,3.6299743693614437e-56,4.853561235438335e-56,True
Andaman and Nicobar Islands,Madhya Pradesh,-0.012018654691712621,4366417.0,8.287774058778464e-60,1.1232860056886528e-59,True
Andaman and Nicobar Islands,Chandigarh,-0.012018654691712621,4152991.5,5.88389723305034e-37,7.464645743422073e-37,True
Odisha,Sikkim,0.012011040178348267,6904733.0,1.926203604416361e-80,2.809046923107193e-80,True
Chhattisgarh,Haryana,0.011846689895470386,10748733.5,2.7365383907831006e-55,3.6425958445546864e-55,True
Assam,Telangana,0.011734552043809368,10106896.5,2.760845132249946e-49,3.634298348868845e-49,True
Jammu and Kashmir,Maharashtra,0.011697793974100368,7494649.5,0.03203807805453089,0.03298037446789945,True
Haryana,Tamil Nadu,-0.011616035158415028,6139362.0,1.098214410230049e-163,2.029309236294656e-163,True
Gujarat,Sikkim,0.01159198833834249,6420520.5,4.599004854625533e-47,6.000894492329368e-47,True
Mizoram,Puducherry,-0.011513157894736836,3136276.5,5.0090860480826056e-29,6.13252304240566e-29,True
Jharkhand,Nagaland,0.011493385036175155,6807709.5,1.1690567435297975e-128,1.9873964640006557e-128,True
Jharkhand,West Bengal,0.011294995360239021,10524827.0,2.3486763233459126e-143,4.1715295892263225e-143,True
Manipur,Nagaland,0.011167132045032613,2451869.0,1.7510798451194987e-22,2.0631534808833698e-22,True
Rajasthan,Uttar Pradesh,-0.011166202785109755,5933769.5,1.682017041969662e-100,2.6198956543768294e-100,True
Chandigarh,Rajasthan,-0.011104738417379106,6972361.0,5.6230437746468486e-24,6.718295272921436e-24,True
Madhya Pradesh,Rajasthan,-0.011104738417379106,8069181.5,3.575927612045553e-15,4.115429263379311e-15,True
Kerala,Punjab,-0.010999932374456178,5695064.0,5.584424853371958e-61,7.620946760908979e-61,True
Manipur,West Bengal,0.01096874236909648,3823625.5,1.707270954544666e-23,2.027597241425302e-23,True
Bihar,Rajasthan,-0.010790473648840795,7613026.0,3.3784482833579386e-12,3.799956008691821e-12,True
Chhattisgarh,Tripura,0.010312653462105095,8046461.5,5.705171252324125e-14,6.478200181551249e-14,True
Haryana,Jharkhand,-0.010264141189900308,5072739.0,9.099309977098763e-154,1.6556848429277563e-153,True
Assam,Himachal Pradesh,0.01017679573025275,10484218.5,3.816228502713578e-72,5.393482088158144e-72,True
Jammu and Kashmir,Punjab,0.010103579395303264,7931675.5,0.007650000003578243,0.007971541159595542,True
Tamil Nadu,Tripura,0.010081998725049737,9231202.5,6.762431678615491e-63,9.401044039196769e-63,True
Haryana,Manipur,-0.009937888198757766,2590936.0,2.8924784090717606e-27,3.505141860280443e-27,True
Madhya Pradesh,Uttarakhand,-0.009824109824109833,6378080.0,1.2887177932368328e-89,1.946160119228212e-89,True
Chandigarh,Uttarakhand,-0.009824109824109833,5457915.0,5.9320345453505005e-108,9.488066006676203e-108,True
Meghalaya,Mizoram,0.009792535025213961,4787644.0,1.848232568172519e-34,2.324943716834353e-34,True
Chandigarh,Karnataka,-0.009686015525431593,5641142.0,8.483894026271238e-64,1.1821819544804184e-63,True
Karnataka,Madhya Pradesh,0.009686015525431593,9853505.0,1.6890879883587126e-62,2.342674482688657e-62,True
Manipur,Puducherry,-0.009610983981693355,2350041.5,8.789138871919082e-10,9.756600053716144e-10,True
Bihar,Uttarakhand,-0.009509845055571522,6066365.0,1.6645096473133305e-77,2.4096915818769625e-77,True
Kerala,Maharashtra,-0.009405717795659074,5555911.0,1.1233983422673362e-74,1.6029304883670626e-74,True
Bihar,Karnataka,-0.009371750756893282,6142243.0,6.970034922894828e-47,9.074771945563288e-47,True
Jharkhand,Puducherry,-0.009284730990550813,5883926.5,3.4595425694569405e-09,3.818975563686233e-09,True
Mizoram,Nagaland,0.009264958131989132,3527174.0,1.441700020000294e-26,1.7364605504052122e-26,True
Chandigarh,Dadra and Nagar Haveli and Daman and Diu,-0.009206038186029858,2014056.5,3.4160656979199177e-42,4.38997643685173e-42,True
Dadra and Nagar Haveli and Daman and Diu,Madhya Pradesh,0.009206038186029858,3638473.5,4.766888420134652e-34,5.958610525168315e-34,True
Mizoram,West Bengal,0.009066568456052998,5468583.0,1.3979486064166138e-26,1.687179352571775e-26,True
Chhattisgarh,Dadra and Nagar Haveli and Daman and Diu,0.008989858058646882,3144275.0,5.191293431494898e-08,5.646836547969771e-08,True
Assam,Bihar,-0.008896487797304314,4984975.5,1.240532162541587e-204,2.5629049885841814e-204,True
Bihar,Dadra and Nagar Haveli and Daman and Diu,-0.008891773417491547,2175129.0,4.425680385327673e-34,5.5437470089894e-34,True
Dadra and Nagar Haveli and Daman and Diu,Tamil Nadu,-0.008759203321591524,2269788.5,9.440447303829038e-39,1.2027978898882822e-38,True
Jharkhand,Tripura,0.008730104756535018,7852690.5,7.478990359340383e-72,1.054502195215054e-71,True
Assam,Madhya Pradesh,-0.008582223028766003,5434074.0,1.9284813641850102e-200,3.9296109989386337e-200,True
Assam,Chandigarh,-0.008582223028766003,5146305.0,1.9219428409937013e-156,3.5078404613228594e-156,True
Chhattisgarh,Karnataka,0.008509880719245147,8137425.0,0.00031557184393168805,0.00033529508417741856,True
Manipur,Tripura,0.008403851765392475,2892718.0,2.334722820786949e-10,2.5965608941462327e-10,True
Chhattisgarh,Uttarakhand,0.008371786420566907,8352900.0,0.16319762752752953,0.1662715554432878,False
Andaman and Nicobar Islands,Telangana,0.00829812038086275,6784672.5,3.072617141250153e-57,4.126878553146368e-57,True
Karnataka,Tamil Nadu,-0.008279225982189789,6645353.0,5.466908205276366e-41,7.01036720288672e-41,True
Tamil Nadu,Uttarakhand,0.008141131683511549,9851465.5,1.1413672578658644e-36,1.4449223796387007e-36,True
Haryana,Mizoram,-0.008035714285714285,3840369.5,1.5117804661010212e-27,1.8357334231226688e-27,True
Puducherry,Tamil Nadu,0.007932837022036093,8687680.5,1.5032900393523938e-23,1.7889151468293486e-23,True
Manipur,Meghalaya,-0.00789036111217048,2450034.0,1.1012666678445044e-11,1.2339993735734088e-11,True
Mizoram,Uttar Pradesh,-0.007886020567568222,3659916.0,1.2318047553932478e-22,1.454213947339251e-22,True
Madhya Pradesh,Tripura,-0.007883242782571645,6466773.0,1.6152431034024314e-31,2.00640844785897e-31,True
Chandigarh,Tripura,-0.007883242782571645,5515964.0,7.442799959340389e-47,9.669139685169282e-47,True
Chhattisgarh,Puducherry,-0.007702182284980735,6128084.5,2.264269411574984e-40,2.8972909674991733e-40,True
Bihar,Tripura,-0.007568978014033334,5992838.5,7.115385694784539e-33,8.857017758152303e-33,True
Jharkhand,Meghalaya,-0.007564108121027938,6077205.5,9.331123646466499e-14,1.0575273465995365e-13,True
Andhra Pradesh,Himachal Pradesh,-0.007533434907736586,8898974.0,0.001769376226740414,0.001863325406921321,True
Odisha,Telangana,0.007422486309164256,10563807.0,3.6591146203257374e-31,4.5357774981121115e-31,True
Dadra and Nagar Haveli and Daman and Diu,Jharkhand,-0.007407309353076805,1836446.5,4.790173444592659e-44,6.195985216375287e-44,True
Chhattisgarh,Rajasthan,0.007091157827297634,9952040.5,2.748750571741687e-36,3.4724131426460805e-36,True
Dadra and Nagar Haveli and Daman and Diu,Manipur,-0.007081056361934263,890717.5,1.0072813517907882e-08,1.1098748228065166e-08,True
Gujarat,Telangana,0.007003434469158479,10325590.5,1.7169266681329953e-29,2.1063327165755302e-29,True
Jharkhand,Karnataka,0.006927332013675069,7988593.0,1.8882282732095117e-46,2.447703317123441e-46,True
Rajasthan,Tamil Nadu,-0.006860503090242276,6658564.0,1.296723050865903e-87,1.9337098126947677e-87,True
Jharkhand,Uttarakhand,0.006789237714996829,8426594.0,3.5706520516221157e-47,4.669314221351997e-47,True
Andaman and Nicobar Islands,Himachal Pradesh,0.006740364067306132,6858629.5,4.770241742349147e-62,6.585368530621212e-62,True
Karnataka,Manipur,-0.006601079022532527,2537650.5,5.450802811847851e-06,5.854201575901573e-06,True
Mizoram,Tripura,0.006501677852348994,4108076.5,1.7448732261986866e-09,1.9297389769297744e-09,True
Manipur,Uttarakhand,0.006462984723854287,3093769.5,0.00043158491486487943,0.0004569270895811446,True
Haryana,Madhya Pradesh,0.006349206349206354,10260727.0,2.2845183110745905e-14,2.6140161444026566e-14,True
Chandigarh,Haryana,-0.006349206349206354,7269673.5,1.056747318652348e-25,1.2702316254508021e-25,True
Meghalaya,Tamil Nadu,0.006212214152513218,8979558.5,8.006691247651935e-17,9.286513240453997e-17,True
Himachal Pradesh,Sikkim,0.00614631018274063,6042051.0,8.887350595632762e-21,1.0429928213809651e-20,True
Bihar,Haryana,-0.006034941580668043,7989542.5,7.055044893614629e-12,7.920286248491894e-12,True
Nagaland,Rajasthan,-0.005984775914447599,5787991.0,0.17257548501472364,0.17552549330557363,False
Manipur,Uttar Pradesh,-0.005983846654524741,2695804.0,2.6512315661644812e-08,2.894463819941039e-08,True
Chhattisgarh,Meghalaya,-0.00598155941545786,6719704.5,2.965911486609552e-28,3.6236495575619785e-28,True
Andhra Pradesh,Telangana,-0.005975678594179967,9464796.0,0.04211730795995418,0.0432811713923536,True
Himachal Pradesh,Odisha,-0.005864729995607637,7661117.5,1.265817270941778e-43,1.6337554798489325e-43,True
Rajasthan,West Bengal,0.005786386238511465,8838062.0,0.5033188483055477,0.5050163823639139,False
Jharkhand,Uttar Pradesh,-0.005657593663382199,6873165.5,0.00010290580572567312,0.0001099263095274246,True
Jharkhand,Rajasthan,0.005508609121727556,9391329.0,1.5814832398117256e-93,2.4004656318570833e-93,True
Gujarat,Himachal Pradesh,0.00544567815560186,10200445.0,3.9803992336099175e-23,4.708424540751294e-23,True
Chandigarh,West Bengal,-0.005318352178867641,7338148.0,5.564098234226135e-30,6.854323911727848e-30,True
Madhya Pradesh,West Bengal,-0.005318352178867641,8608188.5,2.1823540428726132e-16,2.5262658667494256e-16,True
Manipur,Rajasthan,0.005182356130585014,3506579.0,6.004262917597522e-18,7.004973403863776e-18,True
Dadra and Nagar Haveli and Daman and Diu,Mizoram,-0.005178882448890781,1318861.5,3.9499891623890275e-07,4.280953645940749e-07,True
Madhya Pradesh,Nagaland,-0.005119962502931508,5377477.0,2.0878974269247898e-17,2.4311134423096868e-17,True
Chandigarh,Nagaland,-0.005119962502931508,4604383.0,3.9614263203173093e-28,4.830017747108195e-28,True
Bihar,West Bengal,-0.00500408741032933,8000102.0,6.053988206567636e-17,7.035396450991686e-17,True
Bihar,Nagaland,-0.004805697734393197,5107678.5,3.6687961128130136e-13,4.142189159627596e-13,True
Haryana,Rajasthan,-0.004755532068172752,8590985.5,0.23741201758430908,0.24105827724004078,False
Assam,Gujarat,0.004731117574650889,8990029.0,1.321599893523681e-05,1.4168503363001626e-05,True
Nagaland,Uttarakhand,-0.004704147321178326,4673213.5,2.4970932176706643e-22,2.9363052658380343e-22,True
Karnataka,Mizoram,-0.004698905109489046,3812638.0,0.006116409332651966,0.006384672899873543,True
Sikkim,Telangana,-0.004588553869184012,4808284.0,1.5757236947222192e-10,1.7557220943065925e-10,True
Karnataka,Nagaland,0.004566053022500086,5706979.0,3.597310759918615e-14,4.1003829543133637e-14,True
Mizoram,Uttarakhand,0.004560810810810806,4372096.0,0.010555710744848833,0.010941895284294522,True
Uttarakhand,West Bengal,0.004505757645242192,9755831.0,5.145664248752885e-30,6.352012921178354e-30,True
Karnataka,West Bengal,0.004367663346563952,8926436.5,2.42856491896076e-16,2.8058177219061205e-16,True
Assam,Odisha,0.0043120657346451124,9297150.0,3.058475192420115e-08,3.332953735329613e-08,True
Tamil Nadu,Uttar Pradesh,-0.004305699694867479,8084699.5,2.4626144541495118e-08,2.6984449359465185e-08,True
Dadra and Nagar Haveli and Daman and Diu,Nagaland,0.00408607568309835,2072012.5,9.225926255194608e-07,9.962660838186554e-07,True
Chhattisgarh,Uttar Pradesh,-0.004075044957812121,7341322.5,1.8212877937281008e-23,2.1586976838012352e-23,True
Dadra and Nagar Haveli and Daman and Diu,West Bengal,0.0038876860071622166,3249044.0,2.4382441393125565e-07,2.647363618414181e-07,True
Chhattisgarh,Mizoram,0.003810975609756101,4578610.5,0.4910625826390578,0.4935510754564854,False
Puducherry,Uttar Pradesh,0.003627137327168614,7731625.5,2.152145249609707e-12,2.4252394384806355e-12,True
Mizoram,Tamil Nadu,-0.003580320872700743,4325016.5,4.386988232570015e-07,4.745923633416652e-07,True
Haryana,Uttarakhand,-0.003474903474903479,6878939.5,1.097723185121034e-42,1.4137344050801195e-42,True
Andaman and Nicobar Islands,Assam,-0.003436431662946618,5543093.0,4.326493029497202e-06,4.655087436800786e-06,True
Haryana,Karnataka,-0.003336809176225239,6870024.5,1.0010160647623188e-23,1.1935963096865324e-23,True
Mizoram,Rajasthan,0.003280182217541533,4900128.0,1.1636232933817013e-13,1.3162658927036355e-13,True
Rajasthan,Tripura,0.0032214956348074614,6659163.0,2.501868017120196e-06,2.6967599097581825e-06,True
Dadra and Nagar Haveli and Daman and Diu,Haryana,0.0028568318368235035,3201204.0,2.522617903769108e-08,2.759113332247462e-08,True
Nagaland,Tripura,-0.0027632802796401373,4614674.0,0.001380084866166005,0.0014585266347580338,True
Tripura,West Bengal,0.0025648906037040037,7987170.0,0.00010656429926007734,0.0001136303907880753,True
Jharkhand,Mizoram,0.0022284269041860233,4313621.0,2.0298087789333026e-11,2.2701808711754043e-11,True
Tripura,Uttarakhand,-0.0019408670415381885,6271379.5,1.152424952069509e-08,1.2674544297252456e-08,True
Chhattisgarh,Manipur,0.0019088016967126198,3032216.5,0.05043200732971946,0.051647236422001856,False
Meghalaya,Uttar Pradesh,0.0019065144576457388,7829354.5,0.0001785222794620835,0.0001900192420034699,True
Manipur,Mizoram,0.0019021739130434812,1668970.5,0.05380688961998578,0.05500876172489955,False
Dadra and Nagar Haveli and Daman and Diu,Rajasthan,-0.0018987002313492485,2937363.0,0.0017114920716605913,0.001805563444393709,True
Karnataka,Tripura,0.0018027727428599483,6700816.0,0.0024157080765019635,0.002539481105156658,True
Meghalaya,Puducherry,-0.0017206228695228754,6203455.0,1.4368398062667396e-05,1.5376253322458814e-05,True
Manipur,Tamil Nadu,-0.0016781469596572618,3107395.5,0.01382747651859924,0.014283591195428035,True
Maharashtra,Punjab,-0.001594214578797104,9630508.0,0.009804191365357096,0.01018061756088564,True
Chhattisgarh,Jharkhand,0.0015825487055700777,6599647.0,2.216235520172523e-24,2.658588980852119e-24,True
Himachal Pradesh,Telangana,0.0015577563135566186,9179438.0,0.3233546371316758,0.326648572314681,False
Haryana,Tripura,-0.0015340364333652906,6885019.0,1.784853212195748e-08,1.9593868288864762e-08,True
Karnataka,Rajasthan,-0.0014187228919475131,8189852.0,7.344579165653573e-11,8.198920456967872e-11,True
Andhra Pradesh,Sikkim,-0.0013871247249959556,5489416.0,0.339995322003356,0.34287663829152004,False
Jharkhand,Tamil Nadu,-0.0013518939685147197,8172252.0,0.0035699511671787205,0.0037330772310568343,True
Dadra and Nagar Haveli and Daman and Diu,Tripura,0.001322795403458213,2418910.5,0.2690634694585349,0.27273043326716906,False
Andaman and Nicobar Islands,Gujarat,0.0012946859117042714,6009198.5,1.0298515885449394e-09,1.141083231255566e-09,True
Rajasthan,Uttarakhand,0.001280628593269273,6841020.0,8.674190863293873e-28,1.0554485815255327e-27,True
Haryana,Nagaland,0.0012292438462748467,5742186.5,0.0159072571520059,0.01640349740978078,True
Haryana,West Bengal,0.001030854170338713,9208751.0,0.29518256524576736,0.29869664340345503,False
Andaman and Nicobar Islands,Odisha,0.0008756340716984945,6268181.5,4.191824361906153e-15,4.814933388675987e-15,True
Dadra and Nagar Haveli and Daman and Diu,Uttarakhand,-0.0006180716380799756,2514830.5,0.0030435544914576844,0.003193853478690163,True
Dadra and Nagar Haveli and Daman and Diu,Karnataka,-0.00047997733940173537,2444699.5,0.11334736621033437,0.11568041662975806,False
Gujarat,Odisha,-0.0004190518400057769,9182829.0,0.6337467009178044,0.6348136145557132,False
Jharkhand,Manipur,0.00032625299114254214,2875602.0,0.0003463495504791553,0.0003673404323263768,True
Bihar,Madhya Pradesh,0.000314264768538311,9020613.0,0.7197656208992131,0.7197656208992131,False
Bihar,Chandigarh,0.000314264768538311,8248152.0,0.04532151981072142,0.04649362808168835,True
Chhattisgarh,Tamil Nadu,0.000230654737055358,8217762.5,5.823227003700848e-16,6.714767572096908e-16,True
Nagaland,West Bengal,-0.00019838967593613366,6145648.0,0.4029685359395663,0.40569590335709294,False
Karnataka,Uttarakhand,-0.0001380942986782402,6974804.5,0.012096201049001021,0.01251693847679236,True
Chandigarh,Madhya Pradesh,0.0,8329221.0,0.008662592655592176,0.009010913688946407,True
